{
  "train_loss": [
    0.3350501628890475,
    0.16055574204558248,
    0.12734096793175886,
    0.1091163571097894,
    0.10178118883403761,
    0.06581591575968462,
    0.05456820147624339,
    0.04914875516592503,
    0.043483045727594385,
    0.04113112408707518,
    0.027441178811892772,
    0.024449552568708306,
    0.021792356796098002,
    0.02041816261303085,
    0.018722884069536445,
    0.01370802042789376,
    0.01247541719713985,
    0.011724528559455787,
    0.011133907286366864,
    0.010467037878759793
  ],
  "train_acc": [
    89.65833333333333,
    95.20666666666666,
    96.12833333333333,
    96.69666666666667,
    96.855,
    97.91833333333334,
    98.27333333333333,
    98.39166666666667,
    98.66333333333333,
    98.65833333333333,
    99.15166666666667,
    99.28666666666666,
    99.40333333333334,
    99.42333333333333,
    99.5,
    99.68166666666667,
    99.755,
    99.76166666666667,
    99.76833333333333,
    99.795
  ],
  "test_acc": [
    93.4,
    95.39,
    95.88,
    96.12,
    95.76,
    97.13,
    97.13,
    97.03,
    97.15,
    97.44,
    97.57,
    97.71,
    97.59,
    97.61,
    97.86,
    97.75,
    97.86,
    97.84,
    97.85,
    97.81
  ],
  "epoch_time": [
    12.947296142578125,
    12.989227294921875,
    13.022080421447754,
    12.985256433486938,
    13.041872024536133,
    13.014532089233398,
    13.039149761199951,
    13.031888484954834,
    13.045085191726685,
    13.058780431747437,
    13.125098943710327,
    13.096806764602661,
    13.124233722686768,
    13.145681381225586,
    13.148098230361938,
    13.196742296218872,
    13.171744108200073,
    13.230240106582642,
    13.272119998931885,
    13.195292711257935
  ]
}